--
-- PostgreSQL database dump
--

-- Dumped from database version 17.2
-- Dumped by pg_dump version 17.4 (Homebrew)

SET statement_timeout = 0;
SET lock_timeout = 0;
SET idle_in_transaction_session_timeout = 0;
SET transaction_timeout = 0;
SET client_encoding = 'UTF8';
SET standard_conforming_strings = on;
SELECT pg_catalog.set_config('search_path', '', false);
SET check_function_bodies = false;
SET xmloption = content;
SET client_min_messages = warning;
SET row_security = off;

--
-- Name: postgres; Type: DATABASE; Schema: -; Owner: postgres
--

CREATE DATABASE postgres WITH TEMPLATE = template0 ENCODING = 'UTF8' LOCALE_PROVIDER = libc LOCALE = 'en_US.UTF-8';


ALTER DATABASE postgres OWNER TO postgres;

\connect postgres

SET statement_timeout = 0;
SET lock_timeout = 0;
SET idle_in_transaction_session_timeout = 0;
SET transaction_timeout = 0;
SET client_encoding = 'UTF8';
SET standard_conforming_strings = on;
SELECT pg_catalog.set_config('search_path', '', false);
SET check_function_bodies = false;
SET xmloption = content;
SET client_min_messages = warning;
SET row_security = off;

--
-- Name: DATABASE postgres; Type: COMMENT; Schema: -; Owner: postgres
--

COMMENT ON DATABASE postgres IS 'default administrative connection database';


--
-- Name: users; Type: SCHEMA; Schema: -; Owner: postgres
--

CREATE SCHEMA users;


ALTER SCHEMA users OWNER TO postgres;

--
-- Name: booking_sequence; Type: SEQUENCE; Schema: public; Owner: postgres
--

CREATE SEQUENCE public.booking_sequence
    START WITH 1
    INCREMENT BY 1
    NO MINVALUE
    NO MAXVALUE
    CACHE 1;


ALTER SEQUENCE public.booking_sequence OWNER TO postgres;

SET default_tablespace = '';

SET default_table_access_method = heap;

--
-- Name: booking_services; Type: TABLE; Schema: public; Owner: postgres
--

CREATE TABLE public.booking_services (
    booking_id integer NOT NULL,
    service_id integer NOT NULL
);


ALTER TABLE public.booking_services OWNER TO postgres;

--
-- Name: bookings; Type: TABLE; Schema: public; Owner: postgres
--

CREATE TABLE public.bookings (
    booking_id integer NOT NULL,
    end_date date NOT NULL,
    start_date date NOT NULL,
    customer_id integer NOT NULL,
    room_number bigint NOT NULL,
    user_id integer,
    floor_preference character varying(255),
    guests integer NOT NULL,
    room_preference character varying(255),
    room_type character varying(255) NOT NULL,
    room_title character varying(255) NOT NULL
);


ALTER TABLE public.bookings OWNER TO postgres;

--
-- Name: bookings_booking_id_seq; Type: SEQUENCE; Schema: public; Owner: postgres
--

ALTER TABLE public.bookings ALTER COLUMN booking_id ADD GENERATED BY DEFAULT AS IDENTITY (
    SEQUENCE NAME public.bookings_booking_id_seq
    START WITH 1
    INCREMENT BY 1
    NO MINVALUE
    NO MAXVALUE
    CACHE 1
);


--
-- Name: customer; Type: TABLE; Schema: public; Owner: postgres
--

CREATE TABLE public.customer (
    customer_id integer NOT NULL,
    car_information character varying(255),
    first_name character varying(255) NOT NULL,
    last_name character varying(255) NOT NULL,
    phone_number character varying(255),
    usertype_id integer,
    user_type_id integer,
    email character varying(255),
    address character varying(255)
);


ALTER TABLE public.customer OWNER TO postgres;

--
-- Name: customer_customer_id_seq; Type: SEQUENCE; Schema: public; Owner: postgres
--

ALTER TABLE public.customer ALTER COLUMN customer_id ADD GENERATED BY DEFAULT AS IDENTITY (
    SEQUENCE NAME public.customer_customer_id_seq
    START WITH 1
    INCREMENT BY 1
    NO MINVALUE
    NO MAXVALUE
    CACHE 1
);


--
-- Name: customer_payments; Type: TABLE; Schema: public; Owner: postgres
--

CREATE TABLE public.customer_payments (
    customer_id integer NOT NULL,
    payment_id integer NOT NULL
);


ALTER TABLE public.customer_payments OWNER TO postgres;

--
-- Name: customer_sequence; Type: SEQUENCE; Schema: public; Owner: postgres
--

CREATE SEQUENCE public.customer_sequence
    START WITH 1
    INCREMENT BY 1
    NO MINVALUE
    NO MAXVALUE
    CACHE 1;


ALTER SEQUENCE public.customer_sequence OWNER TO postgres;

--
-- Name: maintenance; Type: TABLE; Schema: public; Owner: postgres
--

CREATE TABLE public.maintenance (
    maintenance_id integer NOT NULL,
    description text NOT NULL,
    finished_date date,
    request_date date NOT NULL,
    room_id bigint NOT NULL,
    staff_id character varying(255) NOT NULL
);


ALTER TABLE public.maintenance OWNER TO postgres;

--
-- Name: maintenance_sequence; Type: SEQUENCE; Schema: public; Owner: postgres
--

CREATE SEQUENCE public.maintenance_sequence
    START WITH 1
    INCREMENT BY 1
    NO MINVALUE
    NO MAXVALUE
    CACHE 1;


ALTER SEQUENCE public.maintenance_sequence OWNER TO postgres;

--
-- Name: payment; Type: TABLE; Schema: public; Owner: postgres
--

CREATE TABLE public.payment (
    payment_id integer NOT NULL,
    cardnumber character varying(255) NOT NULL,
    cvv integer NOT NULL,
    exp character varying(255) NOT NULL,
    cardholder character varying(255) NOT NULL,
    zip integer NOT NULL
);


ALTER TABLE public.payment OWNER TO postgres;

--
-- Name: payment_payment_id_seq; Type: SEQUENCE; Schema: public; Owner: postgres
--

ALTER TABLE public.payment ALTER COLUMN payment_id ADD GENERATED BY DEFAULT AS IDENTITY (
    SEQUENCE NAME public.payment_payment_id_seq
    START WITH 1
    INCREMENT BY 1
    NO MINVALUE
    NO MAXVALUE
    CACHE 1
);


--
-- Name: room_sequence; Type: SEQUENCE; Schema: public; Owner: postgres
--

CREATE SEQUENCE public.room_sequence
    START WITH 1
    INCREMENT BY 1
    NO MINVALUE
    NO MAXVALUE
    CACHE 1;


ALTER SEQUENCE public.room_sequence OWNER TO postgres;

--
-- Name: rooms; Type: TABLE; Schema: public; Owner: postgres
--

CREATE TABLE public.rooms (
    room_id bigint NOT NULL,
    available boolean NOT NULL,
    floor integer NOT NULL,
    room_number integer NOT NULL,
    room_type text NOT NULL,
    appliances text,
    bed_configuration text,
    description text,
    image_url text,
    room_name text DEFAULT 'Standard Room'::text NOT NULL,
    price_per_night double precision DEFAULT 100.0 NOT NULL
);


ALTER TABLE public.rooms OWNER TO postgres;

--
-- Name: service_sequence; Type: SEQUENCE; Schema: public; Owner: postgres
--

CREATE SEQUENCE public.service_sequence
    START WITH 1
    INCREMENT BY 1
    NO MINVALUE
    NO MAXVALUE
    CACHE 1;


ALTER SEQUENCE public.service_sequence OWNER TO postgres;

--
-- Name: services; Type: TABLE; Schema: public; Owner: postgres
--

CREATE TABLE public.services (
    service_id integer NOT NULL,
    service_charge double precision NOT NULL,
    service_name character varying(255) NOT NULL,
    available boolean,
    description text,
    image_url character varying(255),
    service_category character varying(255)
);


ALTER TABLE public.services OWNER TO postgres;

--
-- Name: services_seq; Type: SEQUENCE; Schema: public; Owner: postgres
--

CREATE SEQUENCE public.services_seq
    START WITH 1
    INCREMENT BY 50
    NO MINVALUE
    NO MAXVALUE
    CACHE 1;


ALTER SEQUENCE public.services_seq OWNER TO postgres;

--
-- Name: services_service_id_seq; Type: SEQUENCE; Schema: public; Owner: postgres
--

ALTER TABLE public.services ALTER COLUMN service_id ADD GENERATED BY DEFAULT AS IDENTITY (
    SEQUENCE NAME public.services_service_id_seq
    START WITH 1
    INCREMENT BY 1
    NO MINVALUE
    NO MAXVALUE
    CACHE 1
);


--
-- Name: staff_sequence; Type: SEQUENCE; Schema: public; Owner: postgres
--

CREATE SEQUENCE public.staff_sequence
    START WITH 1
    INCREMENT BY 1
    NO MINVALUE
    NO MAXVALUE
    CACHE 1;


ALTER SEQUENCE public.staff_sequence OWNER TO postgres;

--
-- Name: staff; Type: TABLE; Schema: public; Owner: postgres
--

CREATE TABLE public.staff (
    staff_id character varying(255) DEFAULT nextval('public.staff_sequence'::regclass) NOT NULL,
    end_date date,
    first_name text NOT NULL,
    job_title text NOT NULL,
    last_name text NOT NULL,
    start_date date NOT NULL,
    contact_email text,
    contact_phone text,
    department text,
    description text,
    image_url text
);


ALTER TABLE public.staff OWNER TO postgres;

--
-- Name: staff_id_sequence; Type: SEQUENCE; Schema: public; Owner: postgres
--

CREATE SEQUENCE public.staff_id_sequence
    START WITH 1
    INCREMENT BY 1
    NO MINVALUE
    MAXVALUE 2147483647
    CACHE 1;


ALTER SEQUENCE public.staff_id_sequence OWNER TO postgres;

--
-- Name: staff_id_sequence; Type: SEQUENCE OWNED BY; Schema: public; Owner: postgres
--

ALTER SEQUENCE public.staff_id_sequence OWNED BY public.staff.staff_id;


--
-- Name: user_type; Type: TABLE; Schema: public; Owner: postgres
--

CREATE TABLE public.user_type (
    user_type_id integer NOT NULL,
    type_name character varying(255) NOT NULL
);


ALTER TABLE public.user_type OWNER TO postgres;

--
-- Name: user_type_user_type_id_seq; Type: SEQUENCE; Schema: public; Owner: postgres
--

ALTER TABLE public.user_type ALTER COLUMN user_type_id ADD GENERATED BY DEFAULT AS IDENTITY (
    SEQUENCE NAME public.user_type_user_type_id_seq
    START WITH 1
    INCREMENT BY 1
    NO MINVALUE
    NO MAXVALUE
    CACHE 1
);


--
-- Name: users; Type: TABLE; Schema: public; Owner: postgres
--

CREATE TABLE public.users (
    id integer NOT NULL,
    email character varying(255) NOT NULL,
    loyalty_points integer NOT NULL,
    password character varying(255) NOT NULL,
    username character varying(255) NOT NULL,
    usertype_id integer,
    first_name text,
    last_name text
);


ALTER TABLE public.users OWNER TO postgres;

--
-- Name: users_id_seq; Type: SEQUENCE; Schema: public; Owner: postgres
--

ALTER TABLE public.users ALTER COLUMN id ADD GENERATED BY DEFAULT AS IDENTITY (
    SEQUENCE NAME public.users_id_seq
    START WITH 1
    INCREMENT BY 1
    NO MINVALUE
    NO MAXVALUE
    CACHE 1
);


--
-- Data for Name: booking_services; Type: TABLE DATA; Schema: public; Owner: postgres
--



--
-- Data for Name: bookings; Type: TABLE DATA; Schema: public; Owner: postgres
--

INSERT INTO public.bookings (booking_id, end_date, start_date, customer_id, room_number, user_id, floor_preference, guests, room_preference, room_type, room_title) VALUES (62, '2025-05-17', '2025-05-05', 81, 16, NULL, 'middle,', 1, 'view,', 'Suite,Suite', 'The Presidential Suite,The Presidential Suite');
INSERT INTO public.bookings (booking_id, end_date, start_date, customer_id, room_number, user_id, floor_preference, guests, room_preference, room_type, room_title) VALUES (63, '2025-05-25', '2025-05-11', 82, 10, NULL, 'middle,', 1, 'view,', 'Standard,Standard', 'The Pinewood Retreat,The Pinewood Retreat');
INSERT INTO public.bookings (booking_id, end_date, start_date, customer_id, room_number, user_id, floor_preference, guests, room_preference, room_type, room_title) VALUES (64, '2025-05-25', '2025-05-11', 83, 10, NULL, 'middle,', 1, 'view,', 'Standard,Standard', 'The Pinewood Retreat,The Pinewood Retreat');
INSERT INTO public.bookings (booking_id, end_date, start_date, customer_id, room_number, user_id, floor_preference, guests, room_preference, room_type, room_title) VALUES (55, '2025-05-08', '2025-04-30', 74, 18, NULL, 'high,', 2, 'spacious,', 'Suite,Suite', 'The Honeymoon Suite,The Honeymoon Suite');
INSERT INTO public.bookings (booking_id, end_date, start_date, customer_id, room_number, user_id, floor_preference, guests, room_preference, room_type, room_title) VALUES (59, '2025-05-08', '2025-04-30', 78, 12, NULL, 'high,', 1, 'view,', 'Standard,Standard', 'The Meadow View,The Meadow View');


--
-- Data for Name: customer; Type: TABLE DATA; Schema: public; Owner: postgres
--

INSERT INTO public.customer (customer_id, car_information, first_name, last_name, phone_number, usertype_id, user_type_id, email, address) VALUES (72, NULL, 'Ala', 'Sasaa', NULL, NULL, NULL, 'csdn@gmail.com', NULL);
INSERT INTO public.customer (customer_id, car_information, first_name, last_name, phone_number, usertype_id, user_type_id, email, address) VALUES (73, NULL, 'Hana', 'Sa', NULL, NULL, NULL, 'csdn@gmail.com', NULL);
INSERT INTO public.customer (customer_id, car_information, first_name, last_name, phone_number, usertype_id, user_type_id, email, address) VALUES (74, NULL, 'Mara', 'Smith', NULL, NULL, NULL, 'csdn@gmail.com', NULL);
INSERT INTO public.customer (customer_id, car_information, first_name, last_name, phone_number, usertype_id, user_type_id, email, address) VALUES (75, NULL, 'Sarah', 'Set', NULL, NULL, NULL, 'Saraset@gmail.com', NULL);
INSERT INTO public.customer (customer_id, car_information, first_name, last_name, phone_number, usertype_id, user_type_id, email, address) VALUES (76, NULL, 'Sarah', 'Set', NULL, NULL, NULL, 'Saraset@gmail.com', NULL);
INSERT INTO public.customer (customer_id, car_information, first_name, last_name, phone_number, usertype_id, user_type_id, email, address) VALUES (77, NULL, 'Candy', 'Choco', NULL, NULL, NULL, 'Choco@gmail.com', NULL);
INSERT INTO public.customer (customer_id, car_information, first_name, last_name, phone_number, usertype_id, user_type_id, email, address) VALUES (78, NULL, 'Ala', 'Sasaa', NULL, NULL, NULL, 'AlaSa@gmail.com', NULL);
INSERT INTO public.customer (customer_id, car_information, first_name, last_name, phone_number, usertype_id, user_type_id, email, address) VALUES (79, NULL, 'Johan', 'J', NULL, NULL, NULL, 'Johan@email.com', NULL);
INSERT INTO public.customer (customer_id, car_information, first_name, last_name, phone_number, usertype_id, user_type_id, email, address) VALUES (80, NULL, 'Sarah', 'Dunham', NULL, NULL, NULL, 'sarah@email.com', NULL);
INSERT INTO public.customer (customer_id, car_information, first_name, last_name, phone_number, usertype_id, user_type_id, email, address) VALUES (81, NULL, 'Ala', 'Sasaa', NULL, NULL, NULL, 'Saraset@gmail.com', NULL);
INSERT INTO public.customer (customer_id, car_information, first_name, last_name, phone_number, usertype_id, user_type_id, email, address) VALUES (82, NULL, 'Sara', 'Smith', NULL, NULL, NULL, 'Saraset@gmail.com', NULL);
INSERT INTO public.customer (customer_id, car_information, first_name, last_name, phone_number, usertype_id, user_type_id, email, address) VALUES (83, NULL, 'Sara', 'Smith', NULL, NULL, NULL, 'Saraset@gmail.com', NULL);


--
-- Data for Name: customer_payments; Type: TABLE DATA; Schema: public; Owner: postgres
--



--
-- Data for Name: maintenance; Type: TABLE DATA; Schema: public; Owner: postgres
--

INSERT INTO public.maintenance (maintenance_id, description, finished_date, request_date, room_id, staff_id) VALUES (1, 'jhghg', '2025-04-17', '2025-04-10', 10, '1');
INSERT INTO public.maintenance (maintenance_id, description, finished_date, request_date, room_id, staff_id) VALUES (2, 'fgfgfg', NULL, '2025-04-16', 11, '2');


--
-- Data for Name: payment; Type: TABLE DATA; Schema: public; Owner: postgres
--

INSERT INTO public.payment (payment_id, cardnumber, cvv, exp, cardholder, zip) VALUES (59, '46363563563535', 876, '1234', 'Lala Lost', 56789);
INSERT INTO public.payment (payment_id, cardnumber, cvv, exp, cardholder, zip) VALUES (60, '7362764716478', 223, '4322', 'Mara Smith', 324422);
INSERT INTO public.payment (payment_id, cardnumber, cvv, exp, cardholder, zip) VALUES (61, '5762532651376', 677, '0826', 'Sarah Set', 435578);
INSERT INTO public.payment (payment_id, cardnumber, cvv, exp, cardholder, zip) VALUES (62, '76327368767823', 322, '0834', 'Sarah Set', 435578);
INSERT INTO public.payment (payment_id, cardnumber, cvv, exp, cardholder, zip) VALUES (63, '73627167864378', 334, '3244', 'Candy Choco', 324422);
INSERT INTO public.payment (payment_id, cardnumber, cvv, exp, cardholder, zip) VALUES (64, '827838973323', 344, '0394', 'Alaa Sasaa', 443344);
INSERT INTO public.payment (payment_id, cardnumber, cvv, exp, cardholder, zip) VALUES (65, '12387934596', 134, '08/34', 'Johan j', 54667);
INSERT INTO public.payment (payment_id, cardnumber, cvv, exp, cardholder, zip) VALUES (66, '2389042389453', 233, '09/34', 'Sarah Dunham', 55128);
INSERT INTO public.payment (payment_id, cardnumber, cvv, exp, cardholder, zip) VALUES (67, '374267856372865', 414, '4124', 'fdgfhd', 443344);
INSERT INTO public.payment (payment_id, cardnumber, cvv, exp, cardholder, zip) VALUES (68, '2443253253243', 211, '0932', 'Sara Smith', 56789);
INSERT INTO public.payment (payment_id, cardnumber, cvv, exp, cardholder, zip) VALUES (69, '2443253253243', 212, '0932', 'Sara Smith', 56789);


--
-- Data for Name: rooms; Type: TABLE DATA; Schema: public; Owner: postgres
--

INSERT INTO public.rooms (room_id, available, floor, room_number, room_type, appliances, bed_configuration, description, image_url, room_name, price_per_night) VALUES (10, true, 1, 101, 'Standard', 'Microwave, Minifridge', '2 Beds | 1 King Bed', 'A cozy standard room with beautiful pinewood furnishings and modern amenities.', '/img/Standard1.jpg', 'The Pinewood Retreat', 250);
INSERT INTO public.rooms (room_id, available, floor, room_number, room_type, appliances, bed_configuration, description, image_url, room_name, price_per_night) VALUES (11, true, 1, 102, 'Standard', 'Microwave, Minifridge', '2 Beds | 1 King Bed', 'Perfect for travelers looking for comfort and convenience during their stay.', '/img/Standard2.jpg', 'The Traveler''s Rest', 300);
INSERT INTO public.rooms (room_id, available, floor, room_number, room_type, appliances, bed_configuration, description, image_url, room_name, price_per_night) VALUES (12, true, 1, 103, 'Standard', 'Microwave, Minifridge', '2 Beds | 1 King Bed', 'Enjoy stunning views of the meadow from this well-appointed standard room.', '/img/Standard3.jpg', 'The Meadow View', 380);
INSERT INTO public.rooms (room_id, available, floor, room_number, room_type, appliances, bed_configuration, description, image_url, room_name, price_per_night) VALUES (13, true, 2, 201, 'Deluxe', 'Microwave, Full Refrigerator, Coffee Machine', '1 King Bed | 1 Queen Sofa Bed', 'A luxurious deluxe room offering premium comfort with upscale amenities.', '/img/Deluxe1.jpg', 'The Royal Oasis', 450);
INSERT INTO public.rooms (room_id, available, floor, room_number, room_type, appliances, bed_configuration, description, image_url, room_name, price_per_night) VALUES (14, true, 2, 202, 'Deluxe', 'Microwave, Full Refrigerator, Coffee Machine, Toaster', '2 Queen Beds', 'An urban retreat featuring contemporary design and enhanced comfort.', '/img/Deluxe2.jpg', 'The Urban Sanctuary', 475);
INSERT INTO public.rooms (room_id, available, floor, room_number, room_type, appliances, bed_configuration, description, image_url, room_name, price_per_night) VALUES (15, true, 2, 203, 'Deluxe', 'Microwave, Full Refrigerator, Coffee Machine, Wine Cooler', '1 California King Bed', 'Enjoy breathtaking sunset views from this elegant deluxe accommodation.', '/img/Deluxe3.jpg', 'The Sunset Haven', 500);
INSERT INTO public.rooms (room_id, available, floor, room_number, room_type, appliances, bed_configuration, description, image_url, room_name, price_per_night) VALUES (16, true, 3, 301, 'Suite', 'Full Kitchen, Washer/Dryer, Home Theater System', '1 King Bed | 2 Queen Beds', 'Our most prestigious accommodation featuring separate living and sleeping areas with premium furnishings.', '/img/Suite1.jpg', 'The Presidential Suite', 750);
INSERT INTO public.rooms (room_id, available, floor, room_number, room_type, appliances, bed_configuration, description, image_url, room_name, price_per_night) VALUES (17, true, 3, 302, 'Suite', 'Full Kitchen, Washer/Dryer, Gaming Console', '2 King Beds | 1 Bunk Bed', 'Perfect for families, this spacious suite offers ample room for everyone to enjoy.', '/img/Suite2.jpg', 'The Family Retreat Suite', 650);
INSERT INTO public.rooms (room_id, available, floor, room_number, room_type, appliances, bed_configuration, description, image_url, room_name, price_per_night) VALUES (18, true, 3, 303, 'Suite', 'Kitchen, Wine Cellar, Surround Sound System', '1 King Bed | Heart-Shaped Jacuzzi', 'A romantic getaway designed for couples with luxury amenities and intimate atmosphere.', '/img/Suite3.jpg', 'The Honeymoon Suite', 800);
INSERT INTO public.rooms (room_id, available, floor, room_number, room_type, appliances, bed_configuration, description, image_url, room_name, price_per_night) VALUES (19, true, 5, 352, 'Standard', 'MiniFridge Ac Cooler', '4 Beds', 'Great paradise room, I really Love it', '/img/Standard4.jpg', 'My Paradise Hall', 100);


--
-- Data for Name: services; Type: TABLE DATA; Schema: public; Owner: postgres
--



--
-- Data for Name: staff; Type: TABLE DATA; Schema: public; Owner: postgres
--

INSERT INTO public.staff (staff_id, end_date, first_name, job_title, last_name, start_date, contact_email, contact_phone, department, description, image_url) VALUES ('4', NULL, 'Emily', 'Manager', 'Williams', '2022-11-05', 'staff@test4.com', '+985633242155', 'Housekeeping', 'Excellent', '/img/Staff_F_1.png');
INSERT INTO public.staff (staff_id, end_date, first_name, job_title, last_name, start_date, contact_email, contact_phone, department, description, image_url) VALUES ('2', NULL, 'Jane', 'Housekeeper', 'Smith', '2023-06-10', 'staff@test6.com', '+985633221553', 'Management', 'good', '/img/Staff_F_3.png');
INSERT INTO public.staff (staff_id, end_date, first_name, job_title, last_name, start_date, contact_email, contact_phone, department, description, image_url) VALUES ('1', NULL, 'John', 'Maintenance Worker', 'Doe', '2024-01-15', 'staff@test1.com', '+98563322155', 'Management', 'Great Worker', '/img/Staff_M_2.png');
INSERT INTO public.staff (staff_id, end_date, first_name, job_title, last_name, start_date, contact_email, contact_phone, department, description, image_url) VALUES ('7', '22222-02-22', 'hi', 'manager', 'hi', '2222-02-22', '', '', 'Management', '', '');


--
-- Data for Name: user_type; Type: TABLE DATA; Schema: public; Owner: postgres
--

INSERT INTO public.user_type (user_type_id, type_name) VALUES (1, 'Admin');
INSERT INTO public.user_type (user_type_id, type_name) VALUES (2, 'Customer');
INSERT INTO public.user_type (user_type_id, type_name) VALUES (8, 'Customer');
INSERT INTO public.user_type (user_type_id, type_name) VALUES (16, 'Customer');
INSERT INTO public.user_type (user_type_id, type_name) VALUES (17, 'Customer');
INSERT INTO public.user_type (user_type_id, type_name) VALUES (18, 'Customer');
INSERT INTO public.user_type (user_type_id, type_name) VALUES (19, 'Customer');


--
-- Data for Name: users; Type: TABLE DATA; Schema: public; Owner: postgres
--

INSERT INTO public.users (id, email, loyalty_points, password, username, usertype_id, first_name, last_name) VALUES (1, 'jake@gmail.com', 100, '12345', 'Jake', 1, NULL, NULL);
INSERT INTO public.users (id, email, loyalty_points, password, username, usertype_id, first_name, last_name) VALUES (2, 'john@gmail.com', 20, 'john12', 'John', 2, NULL, NULL);
INSERT INTO public.users (id, email, loyalty_points, password, username, usertype_id, first_name, last_name) VALUES (7, 'sdomsetjh@gmail.com', 0, '12345', 'TylorFingleton', NULL, NULL, NULL);
INSERT INTO public.users (id, email, loyalty_points, password, username, usertype_id, first_name, last_name) VALUES (8, 'someemail@gmail.com', 0, 'somepassword', 'someUserName', NULL, NULL, NULL);
INSERT INTO public.users (id, email, loyalty_points, password, username, usertype_id, first_name, last_name) VALUES (9, 'dony@gmail.com', 0, 'password', 'dony', NULL, NULL, NULL);
INSERT INTO public.users (id, email, loyalty_points, password, username, usertype_id, first_name, last_name) VALUES (10, 'geoffry@fuckGoogle.com', 0, 'somethiung', 'geoffry', NULL, NULL, NULL);
INSERT INTO public.users (id, email, loyalty_points, password, username, usertype_id, first_name, last_name) VALUES (11, 'fsf@gmail.com', 0, 'fsdgdgsg', 'df', NULL, NULL, NULL);
INSERT INTO public.users (id, email, loyalty_points, password, username, usertype_id, first_name, last_name) VALUES (12, 'donnyd@gmail.com', 0, 'donnyd', 'donnyd', NULL, NULL, NULL);
INSERT INTO public.users (id, email, loyalty_points, password, username, usertype_id, first_name, last_name) VALUES (13, 'Saraset@gmail.com', 0, 'Sarah20', 'Sarah', NULL, NULL, NULL);


--
-- Name: booking_sequence; Type: SEQUENCE SET; Schema: public; Owner: postgres
--

SELECT pg_catalog.setval('public.booking_sequence', 1, false);


--
-- Name: bookings_booking_id_seq; Type: SEQUENCE SET; Schema: public; Owner: postgres
--

SELECT pg_catalog.setval('public.bookings_booking_id_seq', 64, true);


--
-- Name: customer_customer_id_seq; Type: SEQUENCE SET; Schema: public; Owner: postgres
--

SELECT pg_catalog.setval('public.customer_customer_id_seq', 83, true);


--
-- Name: customer_sequence; Type: SEQUENCE SET; Schema: public; Owner: postgres
--

SELECT pg_catalog.setval('public.customer_sequence', 7, true);


--
-- Name: maintenance_sequence; Type: SEQUENCE SET; Schema: public; Owner: postgres
--

SELECT pg_catalog.setval('public.maintenance_sequence', 2, true);


--
-- Name: payment_payment_id_seq; Type: SEQUENCE SET; Schema: public; Owner: postgres
--

SELECT pg_catalog.setval('public.payment_payment_id_seq', 69, true);


--
-- Name: room_sequence; Type: SEQUENCE SET; Schema: public; Owner: postgres
--

SELECT pg_catalog.setval('public.room_sequence', 19, true);


--
-- Name: service_sequence; Type: SEQUENCE SET; Schema: public; Owner: postgres
--

SELECT pg_catalog.setval('public.service_sequence', 1, false);


--
-- Name: services_seq; Type: SEQUENCE SET; Schema: public; Owner: postgres
--

SELECT pg_catalog.setval('public.services_seq', 51, true);


--
-- Name: services_service_id_seq; Type: SEQUENCE SET; Schema: public; Owner: postgres
--

SELECT pg_catalog.setval('public.services_service_id_seq', 1, false);


--
-- Name: staff_id_sequence; Type: SEQUENCE SET; Schema: public; Owner: postgres
--

SELECT pg_catalog.setval('public.staff_id_sequence', 1, true);


--
-- Name: staff_sequence; Type: SEQUENCE SET; Schema: public; Owner: postgres
--

SELECT pg_catalog.setval('public.staff_sequence', 7, true);


--
-- Name: user_type_user_type_id_seq; Type: SEQUENCE SET; Schema: public; Owner: postgres
--

SELECT pg_catalog.setval('public.user_type_user_type_id_seq', 19, true);


--
-- Name: users_id_seq; Type: SEQUENCE SET; Schema: public; Owner: postgres
--

SELECT pg_catalog.setval('public.users_id_seq', 13, true);


--
-- Name: bookings bookings_pkey; Type: CONSTRAINT; Schema: public; Owner: postgres
--

ALTER TABLE ONLY public.bookings
    ADD CONSTRAINT bookings_pkey PRIMARY KEY (booking_id);


--
-- Name: customer customer_pkey; Type: CONSTRAINT; Schema: public; Owner: postgres
--

ALTER TABLE ONLY public.customer
    ADD CONSTRAINT customer_pkey PRIMARY KEY (customer_id);


--
-- Name: maintenance maintenance_pkey; Type: CONSTRAINT; Schema: public; Owner: postgres
--

ALTER TABLE ONLY public.maintenance
    ADD CONSTRAINT maintenance_pkey PRIMARY KEY (maintenance_id);


--
-- Name: payment payment_pkey; Type: CONSTRAINT; Schema: public; Owner: postgres
--

ALTER TABLE ONLY public.payment
    ADD CONSTRAINT payment_pkey PRIMARY KEY (payment_id);


--
-- Name: rooms rooms_pkey; Type: CONSTRAINT; Schema: public; Owner: postgres
--

ALTER TABLE ONLY public.rooms
    ADD CONSTRAINT rooms_pkey PRIMARY KEY (room_id);


--
-- Name: services services_pkey; Type: CONSTRAINT; Schema: public; Owner: postgres
--

ALTER TABLE ONLY public.services
    ADD CONSTRAINT services_pkey PRIMARY KEY (service_id);


--
-- Name: staff staff_pkey; Type: CONSTRAINT; Schema: public; Owner: postgres
--

ALTER TABLE ONLY public.staff
    ADD CONSTRAINT staff_pkey PRIMARY KEY (staff_id);


--
-- Name: users uk6dotkott2kjsp8vw4d0m25fb7; Type: CONSTRAINT; Schema: public; Owner: postgres
--

ALTER TABLE ONLY public.users
    ADD CONSTRAINT uk6dotkott2kjsp8vw4d0m25fb7 UNIQUE (email);


--
-- Name: rooms uk7ljglxlj90ln3lbas4kl983m2; Type: CONSTRAINT; Schema: public; Owner: postgres
--

ALTER TABLE ONLY public.rooms
    ADD CONSTRAINT uk7ljglxlj90ln3lbas4kl983m2 UNIQUE (room_number);


--
-- Name: customer ukasahmiwjj8bi8s6duv6qtulb2; Type: CONSTRAINT; Schema: public; Owner: postgres
--

ALTER TABLE ONLY public.customer
    ADD CONSTRAINT ukasahmiwjj8bi8s6duv6qtulb2 UNIQUE (user_type_id);


--
-- Name: users ukcegy0fyrbstmyppwc0r5tqd5n; Type: CONSTRAINT; Schema: public; Owner: postgres
--

ALTER TABLE ONLY public.users
    ADD CONSTRAINT ukcegy0fyrbstmyppwc0r5tqd5n UNIQUE (usertype_id);


--
-- Name: customer uko0f0vvkt84foqq644uagmv10r; Type: CONSTRAINT; Schema: public; Owner: postgres
--

ALTER TABLE ONLY public.customer
    ADD CONSTRAINT uko0f0vvkt84foqq644uagmv10r UNIQUE (usertype_id);


--
-- Name: users ukr43af9ap4edm43mmtq01oddj6; Type: CONSTRAINT; Schema: public; Owner: postgres
--

ALTER TABLE ONLY public.users
    ADD CONSTRAINT ukr43af9ap4edm43mmtq01oddj6 UNIQUE (username);


--
-- Name: user_type user_type_pkey; Type: CONSTRAINT; Schema: public; Owner: postgres
--

ALTER TABLE ONLY public.user_type
    ADD CONSTRAINT user_type_pkey PRIMARY KEY (user_type_id);


--
-- Name: users users_pkey; Type: CONSTRAINT; Schema: public; Owner: postgres
--

ALTER TABLE ONLY public.users
    ADD CONSTRAINT users_pkey PRIMARY KEY (id);


--
-- Name: bookings booking_customer_fk; Type: FK CONSTRAINT; Schema: public; Owner: postgres
--

ALTER TABLE ONLY public.bookings
    ADD CONSTRAINT booking_customer_fk FOREIGN KEY (customer_id) REFERENCES public.customer(customer_id);


--
-- Name: bookings booking_room_fk; Type: FK CONSTRAINT; Schema: public; Owner: postgres
--

ALTER TABLE ONLY public.bookings
    ADD CONSTRAINT booking_room_fk FOREIGN KEY (room_number) REFERENCES public.rooms(room_id);


--
-- Name: booking_services fk1etky587qu1tqlr3t1r7w59gx; Type: FK CONSTRAINT; Schema: public; Owner: postgres
--

ALTER TABLE ONLY public.booking_services
    ADD CONSTRAINT fk1etky587qu1tqlr3t1r7w59gx FOREIGN KEY (booking_id) REFERENCES public.bookings(booking_id);


--
-- Name: bookings fkeyog2oic85xg7hsu2je2lx3s6; Type: FK CONSTRAINT; Schema: public; Owner: postgres
--

ALTER TABLE ONLY public.bookings
    ADD CONSTRAINT fkeyog2oic85xg7hsu2je2lx3s6 FOREIGN KEY (user_id) REFERENCES public.users(id);


--
-- Name: customer_payments fkg52cyy7k3ajfbxsof42t5b3rk; Type: FK CONSTRAINT; Schema: public; Owner: postgres
--

ALTER TABLE ONLY public.customer_payments
    ADD CONSTRAINT fkg52cyy7k3ajfbxsof42t5b3rk FOREIGN KEY (payment_id) REFERENCES public.payment(payment_id);


--
-- Name: customer_payments fkh34yv8veqbjgardvcnqlkbv52; Type: FK CONSTRAINT; Schema: public; Owner: postgres
--

ALTER TABLE ONLY public.customer_payments
    ADD CONSTRAINT fkh34yv8veqbjgardvcnqlkbv52 FOREIGN KEY (customer_id) REFERENCES public.customer(customer_id);


--
-- Name: booking_services fkhhofk6n050slfqp0v6e65axk3; Type: FK CONSTRAINT; Schema: public; Owner: postgres
--

ALTER TABLE ONLY public.booking_services
    ADD CONSTRAINT fkhhofk6n050slfqp0v6e65axk3 FOREIGN KEY (service_id) REFERENCES public.services(service_id);


--
-- Name: users fkk5mo6ydvehubgdv1bwt699bix; Type: FK CONSTRAINT; Schema: public; Owner: postgres
--

ALTER TABLE ONLY public.users
    ADD CONSTRAINT fkk5mo6ydvehubgdv1bwt699bix FOREIGN KEY (usertype_id) REFERENCES public.user_type(user_type_id);


--
-- Name: customer fknob44jdw1j67nyl8pa9y73pp; Type: FK CONSTRAINT; Schema: public; Owner: postgres
--

ALTER TABLE ONLY public.customer
    ADD CONSTRAINT fknob44jdw1j67nyl8pa9y73pp FOREIGN KEY (usertype_id) REFERENCES public.user_type(user_type_id);


--
-- Name: customer fksqun8bumqkuls7rrt7n9oogw4; Type: FK CONSTRAINT; Schema: public; Owner: postgres
--

ALTER TABLE ONLY public.customer
    ADD CONSTRAINT fksqun8bumqkuls7rrt7n9oogw4 FOREIGN KEY (user_type_id) REFERENCES public.user_type(user_type_id);


--
-- Name: maintenance maintenance_room_fk; Type: FK CONSTRAINT; Schema: public; Owner: postgres
--

ALTER TABLE ONLY public.maintenance
    ADD CONSTRAINT maintenance_room_fk FOREIGN KEY (room_id) REFERENCES public.rooms(room_id);


--
-- Name: maintenance maintenance_staff_fk; Type: FK CONSTRAINT; Schema: public; Owner: postgres
--

ALTER TABLE ONLY public.maintenance
    ADD CONSTRAINT maintenance_staff_fk FOREIGN KEY (staff_id) REFERENCES public.staff(staff_id);


--
-- PostgreSQL database dump complete
--

